title,"movie_link","video_id","report_name","scene_number",timecode,"start_frame","end_frame",description
,"https://www.youtube.com/watch?v=pHdxn4TSDLw",pHdxn4TSDLw,"scene_report.html","1
2
3
4
5
6
7
8
9
10
11
12
13
14
15
16
17
18
19
20
21
22
23
24
25
26
27
28
29
30
31
32
33","00:00:00.000 - 00:00:15.960
00:00:15.960 - 00:00:18.320
00:00:18.320 - 00:00:20.120
00:00:20.120 - 00:00:22.760
00:00:22.760 - 00:00:34.320
00:00:34.320 - 00:00:38.880
00:00:38.880 - 00:00:42.360
00:00:42.360 - 00:00:44.600
00:00:44.600 - 00:00:47.560
00:00:47.560 - 00:00:53.200
00:00:53.200 - 00:00:56.000
00:00:56.000 - 00:00:58.440
00:00:58.440 - 00:01:01.920
00:01:01.920 - 00:01:10.360
00:01:10.360 - 00:01:14.240
00:01:14.240 - 00:01:17.200
00:01:17.200 - 00:01:26.400
00:01:26.400 - 00:01:38.440
00:01:38.440 - 00:01:40.480
00:01:40.480 - 00:01:41.640
00:01:41.640 - 00:01:43.440
00:01:43.440 - 00:01:45.320
00:01:45.320 - 00:01:47.640
00:01:47.640 - 00:01:49.240
00:01:49.240 - 00:01:50.640
00:01:50.640 - 00:01:52.040
00:01:52.040 - 00:01:53.040
00:01:53.040 - 00:01:54.760
00:01:54.760 - 00:01:56.920
00:01:56.920 - 00:02:08.240
00:02:08.240 - 00:02:28.160
00:02:28.160 - 00:02:36.440
00:02:36.440 - 00:02:36.480","http://35.246.69.64:8000/static/app/Multimodal/videos/pHdxn4TSDLw/images/pHdxn4TSDLw-Scene-001-01.jpg
http://35.246.69.64:8000/static/app/Multimodal/videos/pHdxn4TSDLw/images/pHdxn4TSDLw-Scene-002-01.jpg
http://35.246.69.64:8000/static/app/Multimodal/videos/pHdxn4TSDLw/images/pHdxn4TSDLw-Scene-003-01.jpg
http://35.246.69.64:8000/static/app/Multimodal/videos/pHdxn4TSDLw/images/pHdxn4TSDLw-Scene-004-01.jpg
http://35.246.69.64:8000/static/app/Multimodal/videos/pHdxn4TSDLw/images/pHdxn4TSDLw-Scene-005-01.jpg
http://35.246.69.64:8000/static/app/Multimodal/videos/pHdxn4TSDLw/images/pHdxn4TSDLw-Scene-006-01.jpg
http://35.246.69.64:8000/static/app/Multimodal/videos/pHdxn4TSDLw/images/pHdxn4TSDLw-Scene-007-01.jpg
http://35.246.69.64:8000/static/app/Multimodal/videos/pHdxn4TSDLw/images/pHdxn4TSDLw-Scene-008-01.jpg
http://35.246.69.64:8000/static/app/Multimodal/videos/pHdxn4TSDLw/images/pHdxn4TSDLw-Scene-009-01.jpg
http://35.246.69.64:8000/static/app/Multimodal/videos/pHdxn4TSDLw/images/pHdxn4TSDLw-Scene-010-01.jpg
http://35.246.69.64:8000/static/app/Multimodal/videos/pHdxn4TSDLw/images/pHdxn4TSDLw-Scene-011-01.jpg
http://35.246.69.64:8000/static/app/Multimodal/videos/pHdxn4TSDLw/images/pHdxn4TSDLw-Scene-012-01.jpg
http://35.246.69.64:8000/static/app/Multimodal/videos/pHdxn4TSDLw/images/pHdxn4TSDLw-Scene-013-01.jpg
http://35.246.69.64:8000/static/app/Multimodal/videos/pHdxn4TSDLw/images/pHdxn4TSDLw-Scene-014-01.jpg
http://35.246.69.64:8000/static/app/Multimodal/videos/pHdxn4TSDLw/images/pHdxn4TSDLw-Scene-015-01.jpg
http://35.246.69.64:8000/static/app/Multimodal/videos/pHdxn4TSDLw/images/pHdxn4TSDLw-Scene-016-01.jpg
http://35.246.69.64:8000/static/app/Multimodal/videos/pHdxn4TSDLw/images/pHdxn4TSDLw-Scene-017-01.jpg
http://35.246.69.64:8000/static/app/Multimodal/videos/pHdxn4TSDLw/images/pHdxn4TSDLw-Scene-018-01.jpg
http://35.246.69.64:8000/static/app/Multimodal/videos/pHdxn4TSDLw/images/pHdxn4TSDLw-Scene-019-01.jpg
http://35.246.69.64:8000/static/app/Multimodal/videos/pHdxn4TSDLw/images/pHdxn4TSDLw-Scene-020-01.jpg
http://35.246.69.64:8000/static/app/Multimodal/videos/pHdxn4TSDLw/images/pHdxn4TSDLw-Scene-021-01.jpg
http://35.246.69.64:8000/static/app/Multimodal/videos/pHdxn4TSDLw/images/pHdxn4TSDLw-Scene-022-01.jpg
http://35.246.69.64:8000/static/app/Multimodal/videos/pHdxn4TSDLw/images/pHdxn4TSDLw-Scene-023-01.jpg
http://35.246.69.64:8000/static/app/Multimodal/videos/pHdxn4TSDLw/images/pHdxn4TSDLw-Scene-024-01.jpg
http://35.246.69.64:8000/static/app/Multimodal/videos/pHdxn4TSDLw/images/pHdxn4TSDLw-Scene-025-01.jpg
http://35.246.69.64:8000/static/app/Multimodal/videos/pHdxn4TSDLw/images/pHdxn4TSDLw-Scene-026-01.jpg
http://35.246.69.64:8000/static/app/Multimodal/videos/pHdxn4TSDLw/images/pHdxn4TSDLw-Scene-027-01.jpg
http://35.246.69.64:8000/static/app/Multimodal/videos/pHdxn4TSDLw/images/pHdxn4TSDLw-Scene-028-01.jpg
http://35.246.69.64:8000/static/app/Multimodal/videos/pHdxn4TSDLw/images/pHdxn4TSDLw-Scene-029-01.jpg
http://35.246.69.64:8000/static/app/Multimodal/videos/pHdxn4TSDLw/images/pHdxn4TSDLw-Scene-030-01.jpg
http://35.246.69.64:8000/static/app/Multimodal/videos/pHdxn4TSDLw/images/pHdxn4TSDLw-Scene-031-01.jpg
http://35.246.69.64:8000/static/app/Multimodal/videos/pHdxn4TSDLw/images/pHdxn4TSDLw-Scene-032-01.jpg
http://35.246.69.64:8000/static/app/Multimodal/videos/pHdxn4TSDLw/images/pHdxn4TSDLw-Scene-033-01.jpg","http://35.246.69.64:8000/static/app/Multimodal/videos/pHdxn4TSDLw/images/pHdxn4TSDLw-Scene-001-02.jpg
http://35.246.69.64:8000/static/app/Multimodal/videos/pHdxn4TSDLw/images/pHdxn4TSDLw-Scene-002-02.jpg
http://35.246.69.64:8000/static/app/Multimodal/videos/pHdxn4TSDLw/images/pHdxn4TSDLw-Scene-003-02.jpg
http://35.246.69.64:8000/static/app/Multimodal/videos/pHdxn4TSDLw/images/pHdxn4TSDLw-Scene-004-02.jpg
http://35.246.69.64:8000/static/app/Multimodal/videos/pHdxn4TSDLw/images/pHdxn4TSDLw-Scene-005-02.jpg
http://35.246.69.64:8000/static/app/Multimodal/videos/pHdxn4TSDLw/images/pHdxn4TSDLw-Scene-006-02.jpg
http://35.246.69.64:8000/static/app/Multimodal/videos/pHdxn4TSDLw/images/pHdxn4TSDLw-Scene-007-02.jpg
http://35.246.69.64:8000/static/app/Multimodal/videos/pHdxn4TSDLw/images/pHdxn4TSDLw-Scene-008-02.jpg
http://35.246.69.64:8000/static/app/Multimodal/videos/pHdxn4TSDLw/images/pHdxn4TSDLw-Scene-009-02.jpg
http://35.246.69.64:8000/static/app/Multimodal/videos/pHdxn4TSDLw/images/pHdxn4TSDLw-Scene-010-02.jpg
http://35.246.69.64:8000/static/app/Multimodal/videos/pHdxn4TSDLw/images/pHdxn4TSDLw-Scene-011-02.jpg
http://35.246.69.64:8000/static/app/Multimodal/videos/pHdxn4TSDLw/images/pHdxn4TSDLw-Scene-012-02.jpg
http://35.246.69.64:8000/static/app/Multimodal/videos/pHdxn4TSDLw/images/pHdxn4TSDLw-Scene-013-02.jpg
http://35.246.69.64:8000/static/app/Multimodal/videos/pHdxn4TSDLw/images/pHdxn4TSDLw-Scene-014-02.jpg
http://35.246.69.64:8000/static/app/Multimodal/videos/pHdxn4TSDLw/images/pHdxn4TSDLw-Scene-015-02.jpg
http://35.246.69.64:8000/static/app/Multimodal/videos/pHdxn4TSDLw/images/pHdxn4TSDLw-Scene-016-02.jpg
http://35.246.69.64:8000/static/app/Multimodal/videos/pHdxn4TSDLw/images/pHdxn4TSDLw-Scene-017-02.jpg
http://35.246.69.64:8000/static/app/Multimodal/videos/pHdxn4TSDLw/images/pHdxn4TSDLw-Scene-018-02.jpg
http://35.246.69.64:8000/static/app/Multimodal/videos/pHdxn4TSDLw/images/pHdxn4TSDLw-Scene-019-02.jpg
http://35.246.69.64:8000/static/app/Multimodal/videos/pHdxn4TSDLw/images/pHdxn4TSDLw-Scene-020-02.jpg
http://35.246.69.64:8000/static/app/Multimodal/videos/pHdxn4TSDLw/images/pHdxn4TSDLw-Scene-021-02.jpg
http://35.246.69.64:8000/static/app/Multimodal/videos/pHdxn4TSDLw/images/pHdxn4TSDLw-Scene-022-02.jpg
http://35.246.69.64:8000/static/app/Multimodal/videos/pHdxn4TSDLw/images/pHdxn4TSDLw-Scene-023-02.jpg
http://35.246.69.64:8000/static/app/Multimodal/videos/pHdxn4TSDLw/images/pHdxn4TSDLw-Scene-024-02.jpg
http://35.246.69.64:8000/static/app/Multimodal/videos/pHdxn4TSDLw/images/pHdxn4TSDLw-Scene-025-02.jpg
http://35.246.69.64:8000/static/app/Multimodal/videos/pHdxn4TSDLw/images/pHdxn4TSDLw-Scene-026-02.jpg
http://35.246.69.64:8000/static/app/Multimodal/videos/pHdxn4TSDLw/images/pHdxn4TSDLw-Scene-027-02.jpg
http://35.246.69.64:8000/static/app/Multimodal/videos/pHdxn4TSDLw/images/pHdxn4TSDLw-Scene-028-02.jpg
http://35.246.69.64:8000/static/app/Multimodal/videos/pHdxn4TSDLw/images/pHdxn4TSDLw-Scene-029-02.jpg
http://35.246.69.64:8000/static/app/Multimodal/videos/pHdxn4TSDLw/images/pHdxn4TSDLw-Scene-030-02.jpg
http://35.246.69.64:8000/static/app/Multimodal/videos/pHdxn4TSDLw/images/pHdxn4TSDLw-Scene-031-02.jpg
http://35.246.69.64:8000/static/app/Multimodal/videos/pHdxn4TSDLw/images/pHdxn4TSDLw-Scene-032-02.jpg
http://35.246.69.64:8000/static/app/Multimodal/videos/pHdxn4TSDLw/images/pHdxn4TSDLw-Scene-033-02.jpg","null
null
null
null
null
null
null
null
null
null
null
null
null
null
null
null
null
null
null
null
null
null
null
null
null
null
null
null
null
null
null
null
null"
